NO,NAME,PDF,ePub,Doc
1,23. Söz,<a href="https://kuranvebilim.github.io/viewer/web/viewer.html?file=https://kuranvebilim.github.io/assets/RNK-EPUB/pdf/23Soz.pdf" target="_blank">PDF</a>,<a href="https://kuranvebilim.github.io/viewer/ePubViewer/#https://kuranvebilim.github.io/assets/RNK-EPUB/epub/23Soz.epub" target="_blank">ePub</a>,<a href="https://kuranvebilim.github.io/assets/RNK-EPUB/doc/23Soz.rtf" target="_blank">DOC</a>
2,Âyet-ül Kübrâ,<a href="https://kuranvebilim.github.io/viewer/web/viewer.html?file=https://kuranvebilim.github.io/assets/RNK-EPUB/pdf/Akubra.pdf" target="_blank">PDF</a>,<a href="https://kuranvebilim.github.io/viewer/ePubViewer/#https://kuranvebilim.github.io/assets/RNK-EPUB/epub/Akubra.epub" target="_blank">ePub</a>,<a href="https://kuranvebilim.github.io/assets/RNK-EPUB/doc/Akubra.rtf" target="_blank">DOC</a>
3,Asar-ı Bediyye,<a href="https://kuranvebilim.github.io/viewer/web/viewer.html?file=https://kuranvebilim.github.io/assets/RNK-EPUB/pdf/AsarEnvarHD.pdf" target="_blank">PDF</a>,<a href="https://kuranvebilim.github.io/viewer/ePubViewer/#https://kuranvebilim.github.io/assets/RNK-EPUB/epub/AsarEnvarHD.epub" target="_blank">ePub</a>,<a href="https://kuranvebilim.github.io/assets/RNK-EPUB/doc/AsarEnvarHD.rtf" target="_blank">DOC</a>
4,Asâ-yı Mûsa,<a href="https://kuranvebilim.github.io/viewer/web/viewer.html?file=https://kuranvebilim.github.io/assets/RNK-EPUB/pdf/Asayı musa.pdf" target="_blank">PDF</a>,<a href="https://kuranvebilim.github.io/viewer/ePubViewer/#https://kuranvebilim.github.io/assets/RNK-EPUB/epub/Asayı musa.epub" target="_blank">ePub</a>,<a href="https://kuranvebilim.github.io/assets/RNK-EPUB/doc/Asayı musa.rtf" target="_blank">DOC</a>
5,Barla Lahikası,<a href="https://kuranvebilim.github.io/viewer/web/viewer.html?file=https://kuranvebilim.github.io/assets/RNK-EPUB/pdf/barla.pdf" target="_blank">PDF</a>,<a href="https://kuranvebilim.github.io/viewer/ePubViewer/#https://kuranvebilim.github.io/assets/RNK-EPUB/epub/barla.epub" target="_blank">ePub</a>,<a href="https://kuranvebilim.github.io/assets/RNK-EPUB/doc/barla.rtf" target="_blank">DOC</a>
6,Bediüzzman Cevap Veriyor,<a href="https://kuranvebilim.github.io/viewer/web/viewer.html?file=https://kuranvebilim.github.io/assets/RNK-EPUB/pdf/BCevabVeriyorDuzeltilmis.pdf" target="_blank">PDF</a>,<a href="https://kuranvebilim.github.io/viewer/ePubViewer/#https://kuranvebilim.github.io/assets/RNK-EPUB/epub/BCevabVeriyorDuzeltilmis.epub" target="_blank">ePub</a>,<a href="https://kuranvebilim.github.io/assets/RNK-EPUB/doc/BCevabVeriyorDuzeltilmis.rtf" target="_blank">DOC</a>
7,Divan-ı Harb-i Örfî,<a href="https://kuranvebilim.github.io/viewer/web/viewer.html?file=https://kuranvebilim.github.io/assets/RNK-EPUB/pdf/DHOrfiDuzeltilmis.pdf" target="_blank">PDF</a>,<a href="https://kuranvebilim.github.io/viewer/ePubViewer/#https://kuranvebilim.github.io/assets/RNK-EPUB/epub/DHOrfiDuzeltilmis.epub" target="_blank">ePub</a>,<a href="https://kuranvebilim.github.io/assets/RNK-EPUB/doc/DHOrfiDuzeltilmis.rtf" target="_blank">DOC</a>
8,Emirdağ Lâhikası,<a href="https://kuranvebilim.github.io/viewer/web/viewer.html?file=https://kuranvebilim.github.io/assets/RNK-EPUB/pdf/Emirdag1Duzeltilmis.pdf" target="_blank">PDF</a>,<a href="https://kuranvebilim.github.io/viewer/ePubViewer/#https://kuranvebilim.github.io/assets/RNK-EPUB/epub/Emirdag1Duzeltilmis.epub" target="_blank">ePub</a>,<a href="https://kuranvebilim.github.io/assets/RNK-EPUB/doc/Emirdag1Duzeltilmis.rtf" target="_blank">DOC</a>
9,Gençlik Rehberi,<a href="https://kuranvebilim.github.io/viewer/web/viewer.html?file=https://kuranvebilim.github.io/assets/RNK-EPUB/pdf/Genclik.pdf" target="_blank">PDF</a>,<a href="https://kuranvebilim.github.io/viewer/ePubViewer/#https://kuranvebilim.github.io/assets/RNK-EPUB/epub/Genclik.epub" target="_blank">ePub</a>,<a href="https://kuranvebilim.github.io/assets/RNK-EPUB/doc/Genclik.rtf" target="_blank">DOC</a>
10,Hanımlar Rehberi,<a href="https://kuranvebilim.github.io/viewer/web/viewer.html?file=https://kuranvebilim.github.io/assets/RNK-EPUB/pdf/HanımlarRehberi.pdf" target="_blank">PDF</a>,<a href="https://kuranvebilim.github.io/viewer/ePubViewer/#https://kuranvebilim.github.io/assets/RNK-EPUB/epub/HanımlarRehberi.epub" target="_blank">ePub</a>,<a href="https://kuranvebilim.github.io/assets/RNK-EPUB/doc/HanımlarRehberi.rtf" target="_blank">DOC</a>
11,Haşir Risalesi,<a href="https://kuranvebilim.github.io/viewer/web/viewer.html?file=https://kuranvebilim.github.io/assets/RNK-EPUB/pdf/Hasir.pdf" target="_blank">PDF</a>,<a href="https://kuranvebilim.github.io/viewer/ePubViewer/#https://kuranvebilim.github.io/assets/RNK-EPUB/epub/Hasir.epub" target="_blank">ePub</a>,<a href="https://kuranvebilim.github.io/assets/RNK-EPUB/doc/Hasir.rtf" target="_blank">DOC</a>
12,Hastalar Risalesi,<a href="https://kuranvebilim.github.io/viewer/web/viewer.html?file=https://kuranvebilim.github.io/assets/RNK-EPUB/pdf/Hastalar.pdf" target="_blank">PDF</a>,<a href="https://kuranvebilim.github.io/viewer/ePubViewer/#https://kuranvebilim.github.io/assets/RNK-EPUB/epub/Hastalar.epub" target="_blank">ePub</a>,<a href="https://kuranvebilim.github.io/assets/RNK-EPUB/doc/Hastalar.rtf" target="_blank">DOC</a>
13,Hizmet Rehberi,<a href="https://kuranvebilim.github.io/viewer/web/viewer.html?file=https://kuranvebilim.github.io/assets/RNK-EPUB/pdf/Hizmet.pdf" target="_blank">PDF</a>,<a href="https://kuranvebilim.github.io/viewer/ePubViewer/#https://kuranvebilim.github.io/assets/RNK-EPUB/epub/Hizmet.epub" target="_blank">ePub</a>,<a href="https://kuranvebilim.github.io/assets/RNK-EPUB/doc/Hizmet.rtf" target="_blank">DOC</a>
14,Hutbe-i Şamiye,<a href="https://kuranvebilim.github.io/viewer/web/viewer.html?file=https://kuranvebilim.github.io/assets/RNK-EPUB/pdf/HutbeDuzeltilmis.pdf" target="_blank">PDF</a>,<a href="https://kuranvebilim.github.io/viewer/ePubViewer/#https://kuranvebilim.github.io/assets/RNK-EPUB/epub/HutbeDuzeltilmis.epub" target="_blank">ePub</a>,<a href="https://kuranvebilim.github.io/assets/RNK-EPUB/doc/HutbeDuzeltilmis.rtf" target="_blank">DOC</a>
15,İhlas Risaleleri,<a href="https://kuranvebilim.github.io/viewer/web/viewer.html?file=https://kuranvebilim.github.io/assets/RNK-EPUB/pdf/IhlasDuzeltilmis.pdf" target="_blank">PDF</a>,<a href="https://kuranvebilim.github.io/viewer/ePubViewer/#https://kuranvebilim.github.io/assets/RNK-EPUB/epub/IhlasDuzeltilmis.epub" target="_blank">ePub</a>,<a href="https://kuranvebilim.github.io/assets/RNK-EPUB/doc/IhlasDuzeltilmis.rtf" target="_blank">DOC</a>
16,İşarat-ül İ'caz,<a href="https://kuranvebilim.github.io/viewer/web/viewer.html?file=https://kuranvebilim.github.io/assets/RNK-EPUB/pdf/IsIcaz.pdf" target="_blank">PDF</a>,<a href="https://kuranvebilim.github.io/viewer/ePubViewer/#https://kuranvebilim.github.io/assets/RNK-EPUB/epub/IsIcaz.epub" target="_blank">ePub</a>,<a href="https://kuranvebilim.github.io/assets/RNK-EPUB/doc/IsIcaz.rtf" target="_blank">DOC</a>
17,İman ve Küfür Muavezeneleri,<a href="https://kuranvebilim.github.io/viewer/web/viewer.html?file=https://kuranvebilim.github.io/assets/RNK-EPUB/pdf/İMAN VE KÜFÜR MUVAZENELERİ.pdf" target="_blank">PDF</a>,<a href="https://kuranvebilim.github.io/viewer/ePubViewer/#https://kuranvebilim.github.io/assets/RNK-EPUB/epub/İMAN VE KÜFÜR MUVAZENELERİ.epub" target="_blank">ePub</a>,<a href="https://kuranvebilim.github.io/assets/RNK-EPUB/doc/İMAN VE KÜFÜR MUVAZENELERİ.rtf" target="_blank">DOC</a>
18,Kastamonu Lâhikası,<a href="https://kuranvebilim.github.io/viewer/web/viewer.html?file=https://kuranvebilim.github.io/assets/RNK-EPUB/pdf/kastamonu.pdf" target="_blank">PDF</a>,<a href="https://kuranvebilim.github.io/viewer/ePubViewer/#https://kuranvebilim.github.io/assets/RNK-EPUB/epub/kastamonu.epub" target="_blank">ePub</a>,<a href="https://kuranvebilim.github.io/assets/RNK-EPUB/doc/kastamonu.rtf" target="_blank">DOC</a>
19,Risale-i Nur Hakkında Verilen Bir Konferans,<a href="https://kuranvebilim.github.io/viewer/web/viewer.html?file=https://kuranvebilim.github.io/assets/RNK-EPUB/pdf/konferans.pdf" target="_blank">PDF</a>,<a href="https://kuranvebilim.github.io/viewer/ePubViewer/#https://kuranvebilim.github.io/assets/RNK-EPUB/epub/konferans.epub" target="_blank">ePub</a>,<a href="https://kuranvebilim.github.io/assets/RNK-EPUB/doc/konferans.rtf" target="_blank">DOC</a>
20,Küçük Sözler,<a href="https://kuranvebilim.github.io/viewer/web/viewer.html?file=https://kuranvebilim.github.io/assets/RNK-EPUB/pdf/KSozler.pdf" target="_blank">PDF</a>,<a href="https://kuranvebilim.github.io/viewer/ePubViewer/#https://kuranvebilim.github.io/assets/RNK-EPUB/epub/KSozler.epub" target="_blank">ePub</a>,<a href="https://kuranvebilim.github.io/assets/RNK-EPUB/doc/KSozler.rtf" target="_blank">DOC</a>
21,Lem'alar,<a href="https://kuranvebilim.github.io/viewer/web/viewer.html?file=https://kuranvebilim.github.io/assets/RNK-EPUB/pdf/Lemalar.pdf" target="_blank">PDF</a>,<a href="https://kuranvebilim.github.io/viewer/ePubViewer/#https://kuranvebilim.github.io/assets/RNK-EPUB/epub/Lemalar.epub" target="_blank">ePub</a>,<a href="https://kuranvebilim.github.io/assets/RNK-EPUB/doc/Lemalar.rtf" target="_blank">DOC</a>
22,Mektûbat,<a href="https://kuranvebilim.github.io/viewer/web/viewer.html?file=https://kuranvebilim.github.io/assets/RNK-EPUB/pdf/Mektubat.pdf" target="_blank">PDF</a>,<a href="https://kuranvebilim.github.io/viewer/ePubViewer/#https://kuranvebilim.github.io/assets/RNK-EPUB/epub/Mektubat.epub" target="_blank">ePub</a>,<a href="https://kuranvebilim.github.io/assets/RNK-EPUB/doc/Mektubat.rtf" target="_blank">DOC</a>
23,Mesnevi-i Nuriye,<a href="https://kuranvebilim.github.io/viewer/web/viewer.html?file=https://kuranvebilim.github.io/assets/RNK-EPUB/pdf/Mesnevi.pdf" target="_blank">PDF</a>,<a href="https://kuranvebilim.github.io/viewer/ePubViewer/#https://kuranvebilim.github.io/assets/RNK-EPUB/epub/Mesnevi.epub" target="_blank">ePub</a>,<a href="https://kuranvebilim.github.io/assets/RNK-EPUB/doc/Mesnevi.rtf" target="_blank">DOC</a>
24,Meyve Risalesi,<a href="https://kuranvebilim.github.io/viewer/web/viewer.html?file=https://kuranvebilim.github.io/assets/RNK-EPUB/pdf/MeyveDuzeltilmis.pdf" target="_blank">PDF</a>,<a href="https://kuranvebilim.github.io/viewer/ePubViewer/#https://kuranvebilim.github.io/assets/RNK-EPUB/epub/MeyveDuzeltilmis.epub" target="_blank">ePub</a>,<a href="https://kuranvebilim.github.io/assets/RNK-EPUB/doc/MeyveDuzeltilmis.rtf" target="_blank">DOC</a>
25,Miftah-ul İman,<a href="https://kuranvebilim.github.io/viewer/web/viewer.html?file=https://kuranvebilim.github.io/assets/RNK-EPUB/pdf/MiftahDuzeltilmis.pdf" target="_blank">PDF</a>,<a href="https://kuranvebilim.github.io/viewer/ePubViewer/#https://kuranvebilim.github.io/assets/RNK-EPUB/epub/MiftahDuzeltilmis.epub" target="_blank">ePub</a>,<a href="https://kuranvebilim.github.io/assets/RNK-EPUB/doc/MiftahDuzeltilmis.rtf" target="_blank">DOC</a>
26,Mi'rac ve Şakk-ı Kamer Risaleleri,<a href="https://kuranvebilim.github.io/viewer/web/viewer.html?file=https://kuranvebilim.github.io/assets/RNK-EPUB/pdf/mirac.pdf" target="_blank">PDF</a>,<a href="https://kuranvebilim.github.io/viewer/ePubViewer/#https://kuranvebilim.github.io/assets/RNK-EPUB/epub/mirac.epub" target="_blank">ePub</a>,<a href="https://kuranvebilim.github.io/assets/RNK-EPUB/doc/mirac.rtf" target="_blank">DOC</a>
27,Mu'cizat-ı Kur'aniye,<a href="https://kuranvebilim.github.io/viewer/web/viewer.html?file=https://kuranvebilim.github.io/assets/RNK-EPUB/pdf/mucizatikuraniye.pdf" target="_blank">PDF</a>,<a href="https://kuranvebilim.github.io/viewer/ePubViewer/#https://kuranvebilim.github.io/assets/RNK-EPUB/epub/mucizatikuraniye.epub" target="_blank">ePub</a>,<a href="https://kuranvebilim.github.io/assets/RNK-EPUB/doc/mucizatikuraniye.rtf" target="_blank">DOC</a>
28,Muhakemat,<a href="https://kuranvebilim.github.io/viewer/web/viewer.html?file=https://kuranvebilim.github.io/assets/RNK-EPUB/pdf/Muhakmat.pdf" target="_blank">PDF</a>,<a href="https://kuranvebilim.github.io/viewer/ePubViewer/#https://kuranvebilim.github.io/assets/RNK-EPUB/epub/Muhakmat.epub" target="_blank">ePub</a>,<a href="https://kuranvebilim.github.io/assets/RNK-EPUB/doc/Muhakmat.rtf" target="_blank">DOC</a>
29,Münâzarât,<a href="https://kuranvebilim.github.io/viewer/web/viewer.html?file=https://kuranvebilim.github.io/assets/RNK-EPUB/pdf/MunazaratDuzeltilmis.pdf" target="_blank">PDF</a>,<a href="https://kuranvebilim.github.io/viewer/ePubViewer/#https://kuranvebilim.github.io/assets/RNK-EPUB/epub/MunazaratDuzeltilmis.epub" target="_blank">ePub</a>,<a href="https://kuranvebilim.github.io/assets/RNK-EPUB/doc/MunazaratDuzeltilmis.rtf" target="_blank">DOC</a>
30,Münâcât,<a href="https://kuranvebilim.github.io/viewer/web/viewer.html?file=https://kuranvebilim.github.io/assets/RNK-EPUB/pdf/munacat.pdf" target="_blank">PDF</a>,<a href="https://kuranvebilim.github.io/viewer/ePubViewer/#https://kuranvebilim.github.io/assets/RNK-EPUB/epub/munacat.epub" target="_blank">ePub</a>,<a href="https://kuranvebilim.github.io/assets/RNK-EPUB/doc/munacat.rtf" target="_blank">DOC</a>
31,Nur'un İlk Kapısı,<a href="https://kuranvebilim.github.io/viewer/web/viewer.html?file=https://kuranvebilim.github.io/assets/RNK-EPUB/pdf/NKapisiDuzeltilmis.pdf" target="_blank">PDF</a>,<a href="https://kuranvebilim.github.io/viewer/ePubViewer/#https://kuranvebilim.github.io/assets/RNK-EPUB/epub/NKapisiDuzeltilmis.epub" target="_blank">ePub</a>,<a href="https://kuranvebilim.github.io/assets/RNK-EPUB/doc/NKapisiDuzeltilmis.rtf" target="_blank">DOC</a>
32,Otuzüç Pencere,<a href="https://kuranvebilim.github.io/viewer/web/viewer.html?file=https://kuranvebilim.github.io/assets/RNK-EPUB/pdf/OtuzucPencere.pdf" target="_blank">PDF</a>,<a href="https://kuranvebilim.github.io/viewer/ePubViewer/#https://kuranvebilim.github.io/assets/RNK-EPUB/epub/OtuzucPencere.epub" target="_blank">ePub</a>,<a href="https://kuranvebilim.github.io/assets/RNK-EPUB/doc/OtuzucPencere.rtf" target="_blank">DOC</a>
33,Ramazan İktisat-Şükür Risaleleri,<a href="https://kuranvebilim.github.io/viewer/web/viewer.html?file=https://kuranvebilim.github.io/assets/RNK-EPUB/pdf/Ramazan.pdf" target="_blank">PDF</a>,<a href="https://kuranvebilim.github.io/viewer/ePubViewer/#https://kuranvebilim.github.io/assets/RNK-EPUB/epub/Ramazan.epub" target="_blank">ePub</a>,<a href="https://kuranvebilim.github.io/assets/RNK-EPUB/doc/Ramazan.rtf" target="_blank">DOC</a>
34,Sözler,<a href="https://kuranvebilim.github.io/viewer/web/viewer.html?file=https://kuranvebilim.github.io/assets/RNK-EPUB/pdf/Sozler.pdf" target="_blank">PDF</a>,<a href="https://kuranvebilim.github.io/viewer/ePubViewer/#https://kuranvebilim.github.io/assets/RNK-EPUB/epub/Sozler.epub" target="_blank">ePub</a>,<a href="https://kuranvebilim.github.io/assets/RNK-EPUB/doc/Sozler.rtf" target="_blank">DOC</a>
35,Sikke-i Tasdik-ı Gaybi,<a href="https://kuranvebilim.github.io/viewer/web/viewer.html?file=https://kuranvebilim.github.io/assets/RNK-EPUB/pdf/STasdikDuzeltilmis.pdf" target="_blank">PDF</a>,<a href="https://kuranvebilim.github.io/viewer/ePubViewer/#https://kuranvebilim.github.io/assets/RNK-EPUB/epub/STasdikDuzeltilmis.epub" target="_blank">ePub</a>,<a href="https://kuranvebilim.github.io/assets/RNK-EPUB/doc/STasdikDuzeltilmis.rtf" target="_blank">DOC</a>
36,Şualar,<a href="https://kuranvebilim.github.io/viewer/web/viewer.html?file=https://kuranvebilim.github.io/assets/RNK-EPUB/pdf/SualarDuzeltilmis.pdf" target="_blank">PDF</a>,<a href="https://kuranvebilim.github.io/viewer/ePubViewer/#https://kuranvebilim.github.io/assets/RNK-EPUB/epub/SualarDuzeltilmis.epub" target="_blank">ePub</a>,<a href="https://kuranvebilim.github.io/assets/RNK-EPUB/doc/SualarDuzeltilmis.rtf" target="_blank">DOC</a>
37,Tabiat Risalesi,<a href="https://kuranvebilim.github.io/viewer/web/viewer.html?file=https://kuranvebilim.github.io/assets/RNK-EPUB/pdf/Tabiat.pdf" target="_blank">PDF</a>,<a href="https://kuranvebilim.github.io/viewer/ePubViewer/#https://kuranvebilim.github.io/assets/RNK-EPUB/epub/Tabiat.epub" target="_blank">ePub</a>,<a href="https://kuranvebilim.github.io/assets/RNK-EPUB/doc/Tabiat.rtf" target="_blank">DOC</a>
38,Bediüzzaman Sadi Nursi Tarihçe-i Hayatı,<a href="https://kuranvebilim.github.io/viewer/web/viewer.html?file=https://kuranvebilim.github.io/assets/RNK-EPUB/pdf/TarihceDuzeltilmis.pdf" target="_blank">PDF</a>,<a href="https://kuranvebilim.github.io/viewer/ePubViewer/#https://kuranvebilim.github.io/assets/RNK-EPUB/epub/TarihceDuzeltilmis.epub" target="_blank">ePub</a>,<a href="https://kuranvebilim.github.io/assets/RNK-EPUB/doc/TarihceDuzeltilmis.rtf" target="_blank">DOC</a>
39,Uhuvvet Risalesi,<a href="https://kuranvebilim.github.io/viewer/web/viewer.html?file=https://kuranvebilim.github.io/assets/RNK-EPUB/pdf/UhuvvetDuzeltilmis.pdf" target="_blank">PDF</a>,<a href="https://kuranvebilim.github.io/viewer/ePubViewer/#https://kuranvebilim.github.io/assets/RNK-EPUB/epub/UhuvvetDuzeltilmis.epub" target="_blank">ePub</a>,<a href="https://kuranvebilim.github.io/assets/RNK-EPUB/doc/UhuvvetDuzeltilmis.rtf" target="_blank">DOC</a>
40,Zühretünnur,<a href="https://kuranvebilim.github.io/viewer/web/viewer.html?file=https://kuranvebilim.github.io/assets/RNK-EPUB/pdf/ZuhretnurDuzeltilmis.pdf" target="_blank">PDF</a>,<a href="https://kuranvebilim.github.io/viewer/ePubViewer/#https://kuranvebilim.github.io/assets/RNK-EPUB/epub/ZuhretnurDuzeltilmis.epub" target="_blank">ePub</a>,<a href="https://kuranvebilim.github.io/assets/RNK-EPUB/doc/ZuhretnurDuzeltilmis.rtf" target="_blank">DOC</a>
